title,director,call_number,year,file_name
Dangerous: The Short Films,"Billy DiCicco, David Fincher",FVLDV 1568-1,1993,dangeroustheshortfilms.mp4
The Women Outside: Korean Women and the U.S. Military ,"J.T. Takagi, Hye Jung Park",FVLDV 1893,1995,womenoutside.mp4
Yiddle With his Fiddle,Joseph Green and Jan Nowina-Przybylski,FVLV 1957,1936,yiddlewithhisfiddle.mp4
Starry Starry Night,Tom Shu-Yu Lin,FVLDV 11570,2012,starrystarrynight.mp4
10+10,"(The Ritual) Wang Toon, (Bus Odyssey) Shen Ko-Shan",FVLDV 13770,,10+10.mp4
A.B.C. Africa,Abbas Kiarostami,FVLDV 2585,2002,abcafrica.mp4
Close-Up,Abbas Kiarostami ,FVLDV 0504,1990,closeup.mp4
The Business of Being Born ,Abby Epstein ,FVLDV 12302,2007,businessofbeingborn.mp4
The Power of Nightmare: Phantom Victory ,Adam Curtis ,FVLDV 11667,2002,phantomvictory.mp4
Formosa Betrayed,Adame Kane,FVLDV 10658,2008,formosabetrayed.mp4
Consuming Kids: Commercialization of Childhood,"Adriana Barbaro, Jason Young, Jeremy Earp, Sut Jhally",FVLDV  7087,2008,consumingkids.mp4
The Great Fever,"Adriana Bosch, Michael Chin",FVLDV 4371,2006,greatfever.mp4
"China Yellow, China Blue",Ahmed Lallem,FVLV 5618 v.1,1997,chinayellowchinablue1.mp4
"China Yellow, China Blue",Ahmed Lallem,FVLV 5618 v.2,1997,chinayellowchinablue2.mp4
Ran,Akira Kurosawa,FVLDV 2587,1985,ran.mp4
Rhapsody in August,Akira Kurosawa,FVLV 3401,1991,rhapsodyinaugust.mp4
Seven Samurai,Akira Kurosawa,FVLDV 0817,1954,sevensamurai.mp4
The Hidden Fortress,Akira Kurosawa,FVLDV 5921,1958,hiddenfortress.mp4
High and Low ,Akira Kurosawa ,FVLDV 0089,1963,highandlow.mp4
Ikiru,Akira Kurosawa ,FVLDV 1252,1952,ikiru.mp4
Norainu ,Akira Kurosawa ,FVLDV 1617,1949,norainu.mp4
Rshomon,Akira Kurosawa ,FVLDV 0801,1950,rashomon.mp4
The Bad Sleep Weel ,Akira Kurosawa ,FVLDV 5918,1960,badsleepwell.mp4
Throne of Blood,Akira Kurosawa ,FVLDV 0802,1957,throneofblood.mp4
Yojimbo,Akira Kurosawa ,FVLDV 0821,1961,yojimbo.mp4
Yume,Akira Kurosawa ,FVLDV 2061,1990,yume.mp4
Bigger Boxes,Al Cutler ,FVLV 6042,2004,biggerboxes.mp4
Hiroshima Mon Amour ,Alain Resnais,FVLDV 1425,1960,hiroshimamonamour.mp4
Old San Francisco ,Alan Crosland,FVLDV 11350,1927,oldsanfrancisco.mp4
Mad Men (S1E1),Alan Taylor,FVLDV 8307,2008,madmens1e1.mp4
Kanehsatake: 270 Years of Resistance ,Alanis Obomsawin,FVLV 1889,1993,kanehsatake.mp4
Juan of the Dead,Alejandro Brugues,FVLDV 12587,2011,juanofthedead.mp4
Amores Perros ,Alejandro Gonzalez Inarritu ,FVLDV 1051,2000,amoresperros.mp4
Knocks at My Door  (Golpes a mi Puerta),Alejandro Saderman ,ORM,1994,golpesamipuerta.mp4
Taxi to the Dark Side ,Alex Gibney ,FVLDV 6950,2007,taxitothedarkside.mp4
Sleep Dealer,Alex Rivera,FVLDV 8677,2008,sleepdealer.mp4
Oma & Bella ,Alexa Karolinski,FVLDV 12694,2012,omaandbella.mp4
Aleksandra,Alexander Sokurov,FVLDV 8817,2007,alexandra.mp4
Father and Son,Alexander Sokurov,FVLDV 7655,2004,fatherandson.mp4
Like Water for Chocolate ,Alfonso Arau,FVLDV 0111,1992,comoaguaparachocalate.mp4
Children of Men ,Alfonso Cuaron ,FVLDV 4515,2006,childrenofmen.mp4
Gravity ,Alfonso Cuaron ,FVLDV 12211,2013,gravity.mp4
Páginas de la historia de Tijuana,Alfonso Valdivia,FVLDV 3433,2005,paginasdelahistoriadetijuana.mp4
Rear Window,Alfred Hitchcock,FVLDV 0161,1954,rearwindow.mp4
Dial M for Murder,Alfred Hithcock ,FVLDV 5007,1954,dialmformurder.mp4
Frenzy,Alfred Hithcock ,FVLDV 5515,1972,frenzy.mp4
In Trouble with Harry,Alfred Hithcock ,FVLDV 5173,1955,troublewithharry.mp4
Marnie,Alfred Hithcock ,FVLDV 5008,1964,marnie.mp4
North by Northwest,Alfred Hithcock ,FVLDV 10495,1959,northbynorthwest.mp4
Notorious ,Alfred Hithcock ,FVLDV 0322,1946,notorious.mp4
Psycho ,Alfred Hithcock ,FVLDV 0023,1960,psycho.mp4
Rope,Alfred Hithcock ,FVLDV 5006,1948,rope.mp4
Shadow of a Doubt,Alfred Hithcock ,FVLDV 0258,1942,shadowofadoubt.mp4
Spellbound,Alfred Hithcock ,FVLDV 10802,1945,spellbound.mp4
The 39 Steps ,Alfred Hithcock ,FVLDV 3696,1935,39steps.mp4
THe Birds,Alfred Hithcock ,FVLDV 0116,1963,thebirds.mp4
THe Lady Vanishes,Alfred Hithcock ,FVLDV 0085,1938,ladyvanishes.mp4
Vertigo ,Alfred Hithcock ,FVLDV 0353,1958,vertigo.mp4
Cosa fácil,Alfredo Gurrola,ORM,1982,cosafacil.mp4
Días de combate,Alfredo Gurrola,ORM,1982,diasdecombate.mp4
The Language You Cry In,"Alvaro Toepke, Angel Serrano",FVLDV 10336,2010,languageyoucryin.mp4
The Father,"Amaka Igwe, Celine Gilbert, Ermias Woldeamlak",FVLV 4428,2000,fishermaninthecity.mp4
Letter to America: How Arabs View the United States,Amir Amirani ,FVLV 5339,2004,bangabanga.mp4
Cowboys in Paradise ,Amit Virmani ,FVLDV 13937,2009,cowboysinparadise.mp4
Volunteer (Ji-wonbyeong),An Seok-yeong,ORM,1941,volunteer.mp4
The Snake Pit,Anatole Litvak,ORM,1948,snakepit.mp4
Maid in America,Anayansi Prado,FVLDV  6356,2004,maidinamerica.mp4
A Place Without People,Andreas Apostolidis,ORM,2011,placewithoutpeople.mp4
The Mirror ,Andrei Tarkovski ,FVLV 1210,1974,themirror.mp4
Ivan's Childhood ,Andrei Tarkovsky ,FVLDV 6239,1963,ivanschildhood.mp4
Machuca,Andres Wood,FVLDV 4322,2004,machuca.mp4
Hot-irons,Andrew Dosunmu,FVLDV 5256,1998,hot-irons.mp4
Money-driven Medicine,Andrew Fredericks,FVLDV  8961,2009,moneydrivenmedicine.mp4
A Yiddish World Remembered,Andrew Goldberg,ORM,2004,yiddishworldremembered.mp4
People Like Us - Social Class in America,"Andrew Kolker, Louis Alvarez",FVLDV 9587,1999,peoplelikeus.mp4
Gattaca,Andrew Niccol,FVLDV 7678,1997,gattaca.mp4
Page One: Inside the New York Times,Andrew Rossi,ORM,2011,pageone.mp4
WALL-E ,Andrew Stanton ,FVLDV 8273,2008,walle.mp4
Stormy Weather,Andrew Stone,FVLDV 4615,1943,stormyweather.mp4
Winter in the Blood ,"Andrew, Alex Smith ",FVLDV 12239,2013,winterintheblood.mp4
Ashes and Diamonds ,Andrzej Wajda,FVLV 684,1958,ashesanddiamonds.mp4
Danton,Andrzej Wajda,FVLDV  8204,1983,danton.mp4
Brokeback Mountain ,Ang Lee,FVLDV 3571,2005,brokebackmountain.mp4
Life of Pi,Ang Lee,FVLDV 12447,2013,lifeofpi.mp4
"Lust, Caution",Ang Lee,FVLDV 5962,2008,lustcaution.mp4
Pushing Hands,Ang Lee,FVLDV 6137,1992,pushinghands.mp4
Ordinary Heroes,Ann Hui On-Wah,ORM,1999,ordinaryheroes.mp4
Noho Hewa,Anne Keala Kelly,FVLDV 9266,2008,nohohewa.mp4
Morristown: In the Air and Sun,Anne Lewis,FVLDV 6425,2007,morristown.mp4
A Time of AIDS,Anne Moir,FVLDV 4824,1992,atimeofaids.mp4
Anthony Forge Reel 1,Anthony Forge,ORM,,aforgereel1mss411.mp4
Dutchman,Anthony Harvey,FVLDV 0151,1967,dutchman.mp4
I Never Promised You a Rose Garden,Anthony Page,FVLDV 12538,1977,ineverpromisedrosegarden.mp4
Training Day ,Antoine Fuqua ,FVLDV 13904,2001,trainingday.mp4
Uncle Boonmee Who Can Recall His Past Lives,Apichatpong Weerasethakul,ORM  15,2010,uncleboonmee.mp4
Waltz with Bashir,Ari Folman,FVLDV  8240,2008,waltzwithbashir.mp4
Visions of Light,"Arnold Glassman, Todd McCarthy",FVLV 1117,1992,visionsoflight.mp4
Understanding Cities,Arthur Ciocco,FVLDV 11076,1983,understandingcitiespt2.mp4
The Miracle Worker,Arthur Penn,FVLDV 3489,1962,miracleworker.mp4
Lagaan: Once Upon a Time in India ,Ashutosh Gowariker ,FVLDV 12515,2001,lagaanonceuponatimeinindia.mp4
Mosquita y Mari,Aurora Geurrero,FVLDV 11305,2012,mosquitaymari.mp4
Selma ,Ava DuVernay,ON ORDER,2014,selma.mp4
Exit Through the Gift Shop,Banksy,FVLDV 10130,2011,exitthroughthegiftshop.mp4
Merchants of Cool,Barak Goodman,FVLDV 3478,2001,merchantsofcool.mp4
En La Puta Vida ,Beatriz Flores SIlva,FVLDV 5700,2001,enlaputavida.mp4
Audism Unveiled,"Ben BAhan, H-Dirksen Bauman, Facundo Montenegro",ORM,2008,audismunveiled.mp4
Round Midnight ,Bertrand Tavernier ,FVLDV 12821,1986,roundmidnight.mp4
Sisters of the Screen: African Women in the Cinema,Beti Ellerson,FVLDV 5248,2002,sistersofthescreen.mp4
Becoming American: The Chinese Experience,Bill D. Moyers,FVLDV 11276,2003,becomingamericanv1.mp4
Becoming American: The Chinese Experience,Bill D. Moyers,FVLDV 11276,2003,becomingamericanv3.mp4
Becoming American: The Chinese Experience (2),Bill D. Moyers,FVLDV 11276,2003,becomingamericanv2.mp4
Soundtrack for a Revolution,"Bill Guttentag, Dan Sturman",FVLDV 12362,2009,soundtrackforarevolution.mp4
Walt Disney on the Front Line: The War Years ,Bill Justice,FVLDV 8934,2003,waltdisneyonthefrontlinesd1.mp4
Walt Disney on the Front Line: The War Years ,Bill Justice,FVLDV 8934,2003,waltdisneyonthefrontlinesd2.mp4
A Foreign Affair,Billy Wilder,ORM,1948,foreignaffair.mp4
Double Indemnity ,Billy Wilder,FVLDV 8040,1944,doubleindemnity.mp4
Some Like It Hot ,Billy WIlder,FVLDV 6264,1959,somelikeithot.mp4
West of the Tracks: Rust ,Bing Wang ,FVLDV 3924,2010,westoftracksrust.mp4
Snowpiercer,Bong Joon Ho ,FVLDV 16023,2013,snowpiercer.mp4
Mother,Bong Joon-ho,ORM,2009,mother.mp4
Shameless: The Art of Disability ,Bonnie SHerr Klein ,FVLDV 6003,2006,shameless.mp4
Carrie,Brian De Palma ,FVLDV 1383,1976,carrie.mp4
Vietnam: A Television History (3),Bruce Palling,FVLDV 1477,2004,vietnamatvhistoryd3.mp4
Black Robe,Bruse Beresford,FVLDV 5472,1991,blackrobe.mp4
"Our Hospitality/Sherlock, Jr. ",Buster Keaton ,FVLDV 0038,1924,sherlockjr.mp4
Hip Hop: Beyond Beats & Rhymes,Byron Hunt,FVLDV 5455,2006,hiphopbeyondbeatsandrhymes.mp4
Habitual Sadness,Byun Young-joo,FVLV 5675,1997,habitualsadness.mp4
My Own Breathing,Byun Young-joo,FVLV 6085,1999,myownbrreatihing.mp4
The Murmuring ,Byun Young-joo,FVLV 6086,1995,murmuring.mp4
Backyard,Carlos Carrera ,FVLDV 10032,2009,backyard.mp4
Byebye Brasil ,Carlos Diegues,FVLDV 12378,1980,byebyebrasil.mp4
The Passion of Joan of Arc ,Carl-Theodore Dreyer,FVLV 2542,1928,passionofjoanofarc.mp4
The Third Man,Carol Reed`,FVLDV 9662,1949,thirdman.mp4
Sin Nombre ,Cary Joji Fukunaga,FVLDV 8405,2009,sinnombre.mp4
Reel Injun,"Catherine Bainbridge, Jeremiah Hayes",FVLDV 12200,2009,reelinjun.mp4
The Cheat,Cecil DeMille ,FVLDV 11336,1915,thecheat.mp4
The Pruitt Igoe Myth ,Chad Freidrichs,FVLV 5671,2011,pruittigoemyth.mp4
Living Downstream,Chanda Chevannes,FVLDV 11616,2013,livingdownstream.mp4
Joint Security Area,Chan-wook Park,FVLDV 1111,2002,jointsecurityarea.mp4
The Kitchen Blues,Charlene Gilbert,FVLDV 4560,1994,kitchenblues.mp4
Killer of Sheep ,Charles Burnnett ,FVLDV 4331,1977,killerofsheep.mp4
The Kid ,Charles Chaplin ,FVLDV 1527,1921,thekid.mp4
Inside Job ,Charles Ferguson ,FVLDV 10042,2010,insidejob.mp4
The Shadow of Hate,Charles Guggenheim,FVLV 1198,1995,shadowofhate.mp4
Gilda,Charles Vidor ,FVLDV 9265,1946,gilda.mp4
Modern Times,Charlie Chaplin,FVLDV 1540,1936,moderntimes.mp4
The Cherokee Word for Water ,"Charlie Soap, Tim Kelly ",FVLDV 12201,2012,cherokeewordforwater.mp4
The Personals ,Chen Kuo-fu ,FVLDV 3282,1998,thepersonals.mp4
Better to Live On ,Chen Weijun,FVLDV 5658,2007,bettertoliveon.mp4
The Watermelon Woman,Cheryl Dunye,FVLDV 10840,1997,watermelonwoman.mp4
The Toll of the Sea: Shifting Sands ,Chester M. Franklin,FVLDV 10517,1918,tollofthesea.mp4
A Chinese Ghost Story ,Ching Siu-Hung,FVLDV  5149,1998,achineseghoststory.mp4
The East is Red ,"Ching Siu-tung, Raymond Lee",FVLDV 5311,1993,swordsmaniiitheeastisred.mp4
The Flower Girl,Choe Ik-kyu,FVLDV 13701,1972,flowergirl.mp4
Harry Potter and the Chamber of Secrets,Chris Columbus,FVLDV 8715,2002,harrypotterandthechamberofsecrets.mp4
Smoke Signals ,Chris Eyre,FVLV 3013,1998,smokesignals.mp4
Dealing with the Demon,"Chris Hilton, David Roberts",FVLDV 12550,1996,dealingwiththedemonpt3.mp4
Revenge of the Electric Car,Chris Paine,FVLDV 11349,2011,revengeoftheelectriccar.mp4
Nova: Hunting the Elements (Clip),Chris Schmidt,ORM,2012,huntingtheelementsclip.mp4
A Better Life,CHris Weitz,FVLDV 10948,2001,abetterlife.mp4
A Better Life ,Chris Weitz,FVLDV 10948,2011,betterlife.mp4
Black Is... Black Ain't ,"Christiane Badgley, Marlon Riggs, Nicole Atkinson",FVLDV 4250,1995,blackisblackaint.mp4
Who Killed Vincent Chin? ,"Christine Choy, Renee Tajima-Pena",FVLDV 13042,1987,whokilledvincentchin.mp4
Race - The Power of an Illusion,Christine Herbes-Sommers,FVLDV 6836,2003,racepowerofanillusione1.mp4
Unnatural Causes: Is Inequality Making Us Sick?,"Christine Herbes-Sommers, Llewellyn M. Smith",FVLDV 5685,2008,unnaturalcausese1.mp4
Finding Dawn ,Christine Welsh ,FVLDV 10036,2006,findingdawn.mp4
Best In Show,Christopher Guest,FVLDV 6087,2000,bestinshow.mp4
Where Do the Children Play? ,Christopher M. Cook,FVLDV 6502,2001,wheredothechildrenplay.mp4
Memento ,Christopher Nolan ,FVLDV 0246,2000,memento.mp4
Inception,Christopher Nolan,FVLDV  10350,2010,inception.mp4
The Last Supper ,Chuan Lu,FVLDV 13716,2012,lastsupper.mp4
Pontiente,Chus Gutierrez,FVLDV 4576,2002,poniente.mp4
"Mickey Mouse Monopoly: Disney, Childhood, and Corporate Power","Chyng Feng Su, Miguel Picker",FVLV 6183,2001,mickeymousemonopoly.mp4
Autumn Moon,Clara Law,FVLV 4994,1992,autumnmoon.mp4
Shoah ,Claude Lanzmann,FVLDV 11704, 1985,shoahd1(Criterion).mp4
Shoah ,Claude Lanzmann,FVLDV 11704, 1985,shoahd2(Criterion).mp4
Shoah ,Claude Lanzmann,FVLDV 11704, 1985,shoahd3(Criterion).mp4
Shoah ,Claude Lanzmann,FVLDV 11704, 1985,shoahd4(Criterion).mp4
Nanook Revisted,Claude Massot,FVLV 2279,1990,nanookrevisited.mp4
Bird,Clint Eastwood,FVLDV  1143,1988,bird.mp4
The Couple in the Cage ,"Coco Fusco, Paula Heyedia",FVLDV 11284,1992,coupleinthecage.mp4
Frozen River ,Courtney Hunt ,FVLDV 8546,2008,frozenriver.mp4
Fall of the I-Hotel ,Curtis Choy,FVLV 3505,1983,falloftheihotel.mp4
The Curtis Harrington Short Film Collection ,Curtis Harrington ,FVLDV 12552,2002,curtisharrington.mp4
The Birth of a Nation ,D. W. Griffith ,FVLDV 0486,1915,birthofanation.mp4
A Corner in Wheat ,D.W. Griffith ,FVLV 4568,1909,cornerinwheat.mp4
Sa-i-gu,"Dai Sil Kim-Gibson, Christine Choy",FVLV 1993,1993,saigu.mp4
Keita: The Heritage of the Griot ,Dani Kouyate ,FVLDV 5733,1995,tabwaoralnarrativeperformances.mp4
The Day the Dancers Came,Danial Tirtawinata ,FVLV 3898,1993,daythedancerscame.mp4
Iron Ladies of Liberia,Daniel Junge,FVLDV 6842,2007,ironladiesofliberia.mp4
The Aggressives,Daniel Peddle ,FVLDV 10560,2005,theaggressives.mp4
The Return of Martin Guerre,Daniel Vigne,FVLDV 1982,1982,returnofmartinguerre.mp4
Yesterday ,Darrell James Roodt ,FVLDV 4306,2004,yesterday.mp4
Crash,David Cronenberg,FVLDV 0024,1998,crash.mp4
The Devil Wears Prada,David Frankel,FVLDV 8751,2006,devilwearsprada.mp4
Degenerate Art,David Grubin ,FVLV 5687,1993,degenerateart.mp4
Oliver Twist,David Lean,FVLDV 4600,1948,olivertwist1948.mp4
Lawrence of Arabia ,David Lean ,FVLDV 0190 v.1,1962,lawrenceofarabiav1.mp4
Lawrence of Arabia ,David Lean ,FVLDV 0190 v.2,1962,lawrenceofarabiav2.mp4
Mulholland Drive ,David Lynch ,FVLDV 1733,2001,mulhollanddrive.mp4
The Elephant Man ,David Lynch ,FVLDV 8202,1980,elephantman.mp4
"Good-bye Old Man, or, the Film of Tukuliyangenila: a Filme about Mangatopi ",David MacDougall ,FVLDV 4460,1977,goodbyeoldman.mp4
Asylum,David Mackenzie,ORM,2005,asylum.mp4
"Waiting for ""Superman"" ",Davis Guggenheim ,FVLDV 9903,2010,waitingforsuperman.mp4
First Person Plural,Deann Borshay Liem,FVLV 4723,1999,firstpersonplural.mp4
In the Matter of Cha Jung Hee,Deann Borshay Liem,FVLDV 9795,2010,inthematterofchajunghee.mp4
Slaying the Dragon,Deborah Gee,FVLDV 10230,1987,slayingthedragon.mp4
Slaying the Dragon,Deborah Gee,FVLDV 10230,2011,slayingthedragonreloaded.mp4
Marty,Delbert Mann,FVLDV  1688,1955,marty.mp4
Cannibal Tours,Dennis O'Rourke,FVLV 1506,1988,caniibaltours.mp4
The Tempest,Derek Jarman ,FVLDV 1130,1979,thetempestcc.mp4
The Tempest,Des McAnuff,FVLDV 13724,2011,tempest.mp4
Prostitution in America: Working Girls Speak,Diane Sawyer,ORM,2008,prostitutioninamerica.mp4
Avant Garde - Experimental Cinema of the 1920s & 1930s,Dimitri Kirsanoff,FVLDV 2194,2005,menilmontant.mp4
Three Tales from Senegal,"Djibril Diop Mambéty, Mansour Sora Wade",FVLDV 13324,"1990, 1992, 1994",3talesfromsenegal.mp4
"The ""Rodney King"" Case",Dominic Palumbo ,FVLDV 11285,1992,rodneykingcase.mp4
The Women of SNL,Don Roy King,ORM,2010,womenofsnl.mp4
Generation Like ,Douglas Rushkoff,FVLDV 12724,2014,generationlike.mp4
Imitation of Life ,Douglas Sirk,FVLDV 1153, 1959,imitationoflife.mp4
"The Human Body: How We Fail, How We Heal",Dr. Anthony A. Goodman,ORM,,humanbodylecture1.mp4
"The Human Body: How We Fail, How We Heal",Dr. Anthony A. Goodman,ORM,,humanbodylecture2.mp4
"The Human Body: How We Fail, How We Heal",Dr. Anthony A. Goodman,ORM,,humanbodylecture3.mp4
"The Human Body: How We Fail, How We Heal",Dr. Anthony A. Goodman,ORM,,humanbodylecture4.mp4
"The Human Body: How We Fail, How We Heal",Dr. Anthony A. Goodman,ORM,,humanbodylecture5.mp4
"The Human Body: How We Fail, How We Heal",Dr. Anthony A. Goodman,ORM,,humanbodylecture6.mp4
1428,Du Haibin,FVLDV 10529,2009,1428.mp4
Duke Ellington in Hollywood,Dudley Murphy,FVLDV 2513,1929,blackandtanfantasy.mp4
Man With the Movie Camera,Dziga Vertov,FVLDV 5959,2002,manwiththemoviecamera.mp4
Come and See,E. G. Klimov,FVLDV 13027,1985,comeandsee.mp4
Chronicle of a Summer,"Edgar Morin, Jean Rouch",FVLV 704,1961,chronicleofasummer.mp4
Princess Tam Tam,Edmond Greville,FVLDV 2265,1935,princesstamtam.mp4
Walkout ,Edward James Olmos ,FVLDV 4396,2006,walkout.mp4
The Cry of Jazz,Edward O. Bland,FVLDV 2478,1959,cryofjazz.mp4
Defiance ,Edward Zik,FVLDV 10900,2008,defiance.mp4
Glory,Edward Zwick,FVLV 1960,1990,glory.mp4
State of Denial,Elaine Epstein,FVLDV 12536,2002,stateofdenial.mp4
Surviving AIDS,Elizabeth Arledge,FVLV 3360,1999,survivingaids.mp4
The Forgetting: A Portrait of Alzheimer's ,Elizabeth Arledge,ON ORDER,2004,theforgetting.mp4
Stranger with a Camera,Elizabeth Barret,FVLDV 12345,2000,strangerwithacamera.mp4
Vietnam: A Television History (1),Elizabeth Deane,FVLDV 1477,2004,vietnamatvhistoryd1.mp4
Vietnam: A Television History (4),Elizabeth Deane,FVLDV 1477,2004,vietnamatvhistoryd4.mp4
5 Broken Cameras,"Emad Burnat, Guy Davidi ",FVLDV 11146,2011,fivebrokencameras.mp4
Rio Escondido ,Emilio Fernandez,FVLDV 6043,1943,rioescondido.mp4
Sallah,Ephraim Kishon ,FVLDV 3254,1964,sallah.mp4
George Melies: First Wizard of Cinema ,"Eric Lange, David Shepard ",FVLDV 6026,2008,georgesmeliesfirstwizardofcinemad1.mp4
George Melies: First Wizard of Cinema ,"Eric Lange, David Shepard ",FVLDV 6026,2008,georgesmeliesfirstwizardofcinemad2.mp4
Of Civil Wrongs and Rights: The Fred Korematsu Story,Eric Paul Fournier,FVLDV  2006,2000,ofcivilwrongsandrights.mp4
The Intouchables ,"Eric Toledano, Olivier Nakache",FVLDV 12704,2011,intouchables.mp4
The Fog of War: Eleven Lessons From the Life of Robert S. McNamara,Errol Morris ,FVLDV 1062,2003,fogofwar.mp4
True Grit,Ethan Coen ,FVLDV 13312,2010,truegrit2010.mp4
Why We Fight,Eugene Jarecki,FVLDV 3659,2005,whywefight.mp4
Walk on Water ,Eytan Fox,FVLDV 3931,2004,walkonwater.mp4
Sunrise: A Song of Two Humans ,F.W. Murnau ,FVLDV 5720,1927,sunrise.mp4
Tabu: A Story of the South Seas,F.W. Murnau ,FVLDV 0818,2002,tabu.mp4
The Power of Community: How Cuba Survived Peak Oil,Faith Morgan,ORM 12,2006,powerofcommunity.mp4
Harlan: In the Shadow of Jew Suss ,Felix Moeller,FVLDV 10472,2008,harlanintheshadowofjewsuss.mp4
Big Shot's Funeral ,Feng Xiaogang,FVLDV 3278,2001,bigshotsfuneral.mp4
Vámonos con Pancho Villa,Fernando de Fuentes,FVLV 1522,1935,vamonosconpanchovilla.mp4
Das Leben der Anderen ,Florian Henckel von Donnersmarck,FVLDV 4882,2006,livesofothers.mp4
The Outsiders,Francis Coppola,FVLV 3129,1991,theoutsiders.mp4
The Godfather: Part II,Francis Ford Coppola,FVLDV 0346,1974,godfatherii.mp4
The Conversation ,Francis Ford Coppola ,FVLDV 0140,1974,theconversation.mp4
Hamlet,Franco Zeffirelli,FVLV 2010,1990,hamlet(zeffirelli).mp4
The Red Violin,Francois Girard,FVLDV 5498,1998,theredviolin.mp4
The Lemon Grove Incident,Frank Christopher,FVLDV  6406,2005,lemongroveincident.mp4
Remaking American Medicine,Frank Christopher ,FVLDV 9835,2006,remakingamericanmedicinep4.mp4
N/um tchai,Frank Galvin,FVLV 6198,1966,numtchai.mp4
Dirty Pictures,Frank Pierson ,FVLDV 12260,2000,dirtypictures.mp4
Pinocchio,Fred Moore,FVLDV  8363,1940,pinocchio.mp4
High Noon ,Fred Zinnemann ,FVLDV 4585,1952,highnoon.mp4
G-Dog,Freida Lee Mock,ORM,2012,gdog.mp4
Maya Lin: A Strong Clear Vision ,Frieda Lee Mock ,FVLDV 9325,1994,mayalin.mp4
The Complete Metropolis ,Fritz Lang ,FVLDV 10701,2010,thecompletemetropolis.mp4
The Complete Metropolis ,Fritz Lang ,FVLDV 10701,2010,voyagetometropolis.mp4
Little Cheung,Fruit Chan,FVLDV 2959,2959,littlecheung.mp4
Pandora's Box,G.W. Pabst,FVLDV 4048,1929,pandorasbox.mp4
Rx for Survival (1),Gail Willumsen,FVLDV 2680,2005,rxforsurvivale1.mp4
Rx for Survival (6),Gail Willumsen,FVLDV 2680,2005,rxforsurvivale6.mp4
Objectified,Gary Hustwit,FVLDV  9334,2009,objectified.mp4
Urbanized,Gary Hustwit ,FVLDV 13938,2011,urbanized.mp4
Helvetica ,Gary Huswit,FVLDV 7137,2007,helvetica.mp4
The Hunger Games,Gary Ross,FVLDV  11171,2012,hungergames.mp4
God's Gift,Gaston Kabore,FVLV 693,1982,wendkuuni.mp4
The Debut ,Gene Cajayon ,FVLDV 7285,2001,thedebut.mp4
Fires in the Mirror ,George C. Wolfe ,FVLDV 1536,1991,firesinthemirror.mp4
Yellow Submarine,George Dunning,FVLDV 0063,1999,yellowsubmarine.mp4
Star Wars: A New Hope,George Lucas,FVLDV  10503,1977,starwarsanewhope.mp4
Magical Mystery Tour,George Martin,FVLDV 6546,1967,magicalmysterytour.mp4
Trip to the Moon ,George Melies ,FVLDV 10945,1902,triptothemoon(color).mp4
Night of the Living Dead,George Romero,FVLDV 1239,1968,nightofthelivingdead.mp4
Annie Get Your Gun ,George Sidney ,FVLDV 13045,1950,anniegetyourgun.mp4
Journey of the Roses,"Gianni Beretta, Consuelo Marcoli",FVLDV  4432,2006,journeyoftheroses.mp4
You Are the Apple of my Eye,Giddens Ko,FVLDV 11554,2011,youaretheappleofmyeye.mp4
Ushpizin ,Gidi Dar ,FVLDV 3479,2004,ushpizin.mp4
Harvest of Loneliness,"Gilbert G. Gonzalez, Vivian Price, Adrian Salinas",FVLDV 10271,2010,harvestofloneliness.mp4
Regeneration,Gillies MacKinnon,FVLDV 12539,1997,regeneration.mp4
Battle of Algiers,Gillo Pontecorvo,FVLV 18,1966,battleofalgiers.mp4
Pray the Devil Back to Hell,Gini Reticker,FVLDV 9320,2007,praythedevilbacktohell.mp4
Azul Maya,Gonzalo Infante,FVLDV 3424,2002,azulmaya.mp4
Black Power Mixtape ,Goran Hugo Olsson ,FVLDV 10684,2011,blackpowermixtape.mp4
Frances,Graeme Clifford,ORM,1982,frances.mp4
African American Lives ,Graham Judd,FVLDV 8943,2006,africanamericanlivesepisode1.mp4
The Age of AIDs,Greg Barker,FVLDV 12335,2006,ageofaidspt2.mp4
The Age of AIDS,Greg Barker,FVLDV 12535,2006,ageofaids.mp4
Trance and Dance in Bali,"Gregory Bates, Margaret Mead",FVLV 2389,1952,tranceanddanceinbali.mp4
Hamlet,Gregory Doran,FVLDV 9879,2009,hamlet(doran).mp4
Bordertown ,Gregory Nava,FVLDV 6432,2007,bordertown.mp4
El Norte,Gregory Nava,FVLDV 6029,1983,elnorte.mp4
My Family ,Gregory Nava,FVLDV 3617,1995,newamericanse3.mp4
Love For Life,Gu Changwei,FVLDV 13807,2011,loveforlife.mp4
El Laberinto del Fauno,Guillermo del Toro,FVLDV  4465,2006,laberintodelfauno.mp4
Bend It Like Beckham,Gurinder Chadha ,FVLDV 0749,2002,benditlikebeckham.mp4
Sankofa ,Haile Gerima ,FVLDV 2454,1993,sankofa.mp4
Forms of Mother Earth: Contemporary Terracottas of India ,Haku Shah,ORM,1986,subterra.mp4
Being There,Hal Ashby,FVLDV  3487,1979,beingthere.mp4
Peter Pan,"Hamilton Luske, Clyde Geronimo, Wilfred Jackson",FVLDV 10166,1953,peterpan.mp4
A Female Boss,Han Hyung-mo,ORM,1959,afemaleboss.mp4
Xin Ling De Bo Dou,Hao Guang ,FVLDV 3150,2005,chunyang.mp4
Dao Ma Dan,Hark Tsui,FVLDV 8683,1986,daomadan.mp4
My Neighbor Totoro,Hayao Miyazaki,FVLDV  2904,2006,myneighbortotoro.mp4
Nausicaa of the Valley of the Wind,Hayao Miyazaki,FVLDV 1744,1984,nausciaaofthevalleyofthewind.mp4
Princess Mononoke,Hayao Miyazaki,FVLDV  0727,1997,princessmononoke.mp4
Spirited Away,Hayao Miyazaki,FVLDV 0719,2001,spiritedaway.mp4
Kiss of the Spider Woman ,Hector Babenco ,FVLDV 3609,1985,kissofthespiderwoman.mp4
Chicano! History of the Mexican-American Civil Rights Movement (Part 2),Hector Galán,FVLDV 6685,1996,chicanopt2.mp4
Chicano! History of the Mexican-American Civil Rights Movement (Part 3),Hector Galán,FVLDV 6685,1995,chicanopt3.mp4
Detropia,"Heidi Ewing, Rachel Grady",FVLDV  12363,2013,detropia.mp4
Jesus Camp ,"Heidi Ewing, Rachel Grady",FVLDV 9031,2006,jesuscamp.mp4
True Grit,Henry Hathaway,FVLDV  9757,1969,truegrit.mp4
Flower Drum Song ,Henry Koster,FVLDV 8464,1961,flowerdrumsong.mp4
Murderball,"Henry-Alex Rubin, Dana Adam Shapiro",FVLDV 3420,2005,murderball.mp4
Salt of the Earth,Herbert Biberman,FVLDV 12520,1954,saltoftheearth.mp4
History of Soccer: The Beautiful Game ,Hereward Pelling,FVLDV 1544 v.1,2001,historyofsoccerv1soccerculture.mp4
A Hollis Frampton Odyssey ,Hollis Frampton,FVLDV 10909,1966,ahollisframptonodysseyd1.mp4
A Hollis Frampton Odyssey ,Hollis Frampton,FVLDV 10909,1966,ahollisframptonodysseyd2.mp4
Godzilla (Gojira),Honda Ishir?,FVLDV 2043,1954,godzilla.mp4
Yeong-ja's Heydays,Ho-sun Kim,ORM,1975,yeongjasheydays.mp4
Boys From Fenkuei (?????),Hou Hsiao-Hsien,FVLDV 2939,1983,boysfromfenkuei.mp4
The Sanwich Man ,"Hou Hsiao-Hsien, Wan Jen, Tseng Chuang-hsiang",FVLDV 3786,1983,sandwichman.mp4
The Big Sleep ,Howard Hawks ,FVLDV 0227,1946,bigsleep.mp4
Liu yue xin niang,Huang Tang,FVLDV 3289,1960,junebride.mp4
Wedding Campaign,Hwang Byung-guk,FVLDV  11512,2005,myweddingcampaign.mp4
YMCA Baseball Team,Hyun-seok Kim,ORM,2002,ymcabaseballteam.mp4
Odd Obsession,Ichikawa Kon ,FVLDV 5437,1960,oddobsession.mp4
Even the Rain,Iciar Bollain,FVLDV 11627,2010,tambienlalluvia.mp4
FLores de Otro Mundo,Icíar Bollaín,FVLDV 1999,2013,flowerfromanotherworld.mp4
Wisdom of the Pretzel ,Ilan Haitner ,FVLDV 12811,2002,wisdomofthepretzel.mp4
In and Out of Africa,"Ilisa Barbash, Lucien Taylor",FVLV 920,1992,inandoutofafrica.mp4
Framing the Other,"Ilja Kok, Willem Timmers",FVLDV  13268,2011,framingtheother.mp4
Chunhyang,Im Kw?n-t'aek,FVLDV 13779,2000,chunhyangpansori.mp4
Carol's Journey,Imanol Uribe ,FVLDV 12206,2002,viajedecarol.mp4
The Seventh Seal,Ingmar Bergman,FVLDV 6040,1957,seventhseal.mp4
Flame,Ingrid Sinclair,FVLDV 12734,1996,flame.mp4
The Marshall Plan: Against the Odds ,Ira H. Klugerman ,FVLDV 11067,1997,marshallplan.mp4
Deception,Irving Rapper ,FVLV 5580,1946,deception.mp4
"Now, Voyager ",Irving Rapper ,FVLDV 2665,1942,nowvoyagers.mp4
Looking for Langston ,Isaac Julien,FVLV 1573,1989,lookingforlangston.mp4
Grave of the Fireflies,Isao Takahata,FVLDV  6200,1988,graveofthefireflies.mp4
Go,Isao Yukisada,ORM,2001,go.mp4
Understanding Urban Sprawl ,Italo Costa ,FVLDV 4588,1998,understandingurbansprawl.mp4
The Spook Who Sat by the Door ,Ivan Dixon ,FVLDV 9733,1973,spookwhosatbythedoor.mp4
Coffy,Jack Hill ,FVLDV 0527,1973,coffy.mp4
Out of the Past,Jacques Tourneur,FVLDV 2545,1947,outofthepast.mp4
Offside,Jafar Panahi,FVLDV 9799,2006,offside.mp4
The Day the Universe Changed ,James Burke ,FVLDV 7856,1985,daytheuniversechangedp3.mp4
The Day the Universe Changed ,James Burke ,FVLDV 7856,1985,daytheuniversechangedp4.mp4
Avatar,James Cameron,FVLDV  9110,2009,avatar.mp4
The Terminator,James Cameron,FVLDV 9112,1984,terminator.mp4
The Spirit of Crazy Horse ,James Locker,FVLV 3615,1991,spiritofcrazyhorse.mp4
Project Nim,James Marsh,ORM,2011,projectnim.mp4
Unnatural Causes: Is Inequality Making Us Sick?,James Rutenbeck,FVLDV 5685,2014,unnaturalcauses.mp4
Unnatural Causes: Not Just a Paycheck,James Rutenbeck,FVLDV  5685,2008,unnaturalcausese8.mp4
Frankenstein: The Man Who Made a Monster ,James Whale ,FVLDV 0071,1931,frankenstein.mp4
The Bride of Frankenstein,James Whale ,FVLDV 0072,1935,brideoffrankenstein.mp4
The Big Swallow ,James Williamson ,FVLP 15,1901,bigswallow.mp4
La Caminata,Jamie Meltzer,FVLDV  9677,2009,lacaminata.mp4
Welcome to Nollywood,Jamie Meltzer,FVLDV 7698,2007,welcometonollywood.mp4
Mademoiselle and the Doctor,Janine Hosking,FVLV 6278,2003,mademoiselleandthedoctor.mp4
Juno,Jason Reitman,FVLDV  6037,2008,juno.mp4
Fast Food for Thought ,Jason Simon ,FVLDV 2797,1987,fastfoodforthought.mp4
AIDs in Africa,Jay LaMonic,FVLDV 13035,2008,aidsinafrica.mp4
AIDS in Africa: Episode 1,Jay LaMonic,FVLDV 13035,2000,aidsinafricae1.mp4
AIDS in Africa: Episode 2,Jay LaMonic,FVLDV 13035,2000,aidsinafricae2.mp4
AIDS in Africa: Episode 3,Jay LaMonic,FVLDV 13035,2000,aidsinafricae3.mp4
The Rules of the Game,Jean Renior,FVLDV 1845,1939,rulesofthegame.mp4
Jaguar,Jean Rouch,FVLV 1016,1967,jaguar.mp4
Les Maitres Fous,Jean Rouch,FVLV 821,1954,lesmaitresfous.mp4
"Moi, Un Noir",Jean Rouch,FVLDV 2941,1958,ianegro.mp4
The Name of the Rose ,Jean-Jacques Annaud ,FVLDV 6956,1986,nameoftherose.mp4
My Life to Live,Jean-Luc Godard,FVLDV 0069,1962,mylifetolive.mp4
Dallas Buyer's Club,Jean-Marc Vallee,FVLDV 12677,2013,dallasbuyersclub.mp4
Cyrano de Bergerac,Jean-Paul Rappeneau,FVLDV 8906,1990,cyranodebergerac2004.mp4
Amélie,Jean-Pierre Jeunet,FVLDV 0383,2001,amelie.mp4
Murder on a Sunday Morning,Jean-Xavier de Lestrade,ORM,2001,murderonasundaymorning.mp4
The Slanted Screen,Jeff Adachi,FVLDV 6240,2006,slantedscreen.mp4
Rhymes for Young Ghouls ,Jeff Barnaby ,FVLDV 13752,2014,rhymesforyoungghouls.mp4
Subdivide and Conquer: A Modern Western,Jeff Gersh and Chelsea Congdon,FVLV 5051,1999,subdivideandconquer.mp4
Control Room,Jehane Noujaim ,FVLDV 2523,2004,controlroom.mp4
Paris is Burning ,Jennie Livingston ,FVLDV 12820,1990,parisisburning.mp4
New Muslim Cool ,Jennifer Maytorena Taylor,FVLDV 9726,2009,newmuslimcool.mp4
Miss Representation,Jennifer Siebel,FVLDV  10737,2011,missrepresentation.mp4
Public Enemy,Jens Meurer,FVLV 5836,1999,fightthepower.mp4
Frontierland ,"Jesse Lerner, Rubén Ortiz-Torres",FVLDV 5344,1995,frontierlandia.mp4
Breathing Lessons,Jessica Yu,FVLDV 1446,1996,breathinglessons.mp4
I Wish I Knew ,Jia Zhangke,FVLDV 9935,2010,iwishiknew.mp4
Dong ,Jia Zhang-Ke,FVLDV 4886,2006,dong.mp4
Still Life,Jia Zhang-Ke,FVLDV  9851,2006,stilllife.mp4
The World ,Jia Zhangke ,FVLDV 4792,2005,theworld(2004).mp4
Pretty Vacant ,Jimmy Mendiola ,FVLV 6357,1996,prettyvacant.mp4
Women Organize!,Joan E. Biren,FVLV 4437,2000,womenorganize.mp4
The Big Lebowski ,Joel Coen ,FVLDV 9571,1998,biglebowski.mp4
Ellen DeGeneres: Here and Now,Joel Gallen,ORM,2003,ellendegenereshereandnow.mp4
The Last Angel of History ,John Akomfrah,FVLDV 11141,1995,lastangelofhistory.mp4
The Stuart Hall Project ,John Akomfrah,FVLDV 12635,2013,stuarthallproject.mp4
Rise Up and Walk,John Ankele,FVLDV 3258,1981,riseupandwalk.mp4
The 800 Mile Wall,John Carlos Frey,FVLDV 8798,2009,800milewall.mp4
The Invisible Mexicans of Deer Canyon,John Carlos Frey,FVLDV  3990,2006,invisiblemexicansofdeercanyon.mp4
Boy A,John Crowley,ORM,2007,boya.mp4
Affluenza ,John de Graff,FVLV 5293,2003,affluenza.mp4
MIssissippi Chicken,John Fiege,FVLDV  8589,2009,mississippichicken.mp4
Grapes of Wrath ,John Ford,FVLDV 11600,1940,grapesofwrath.mp4
The Searchers,John Ford,FVLDV 9406,1956,searchers.mp4
The Manchurian Candidate,John Frankenheimer,FVLDV 0317,1962,manchuriancandidate.mp4
The Maltese Falcon ,John Huston ,FVLDV 0331,1941,maltesefalcon.mp4
The Night of the Iguana ,John Huston ,FVLDV 4041,1964,nightoftheiguana.mp4
Trading Places,John Landis,FVLDV 2323,1983,tradingplaces.mp4
Toy Story,John Lasseter,FVLDV  7620,1995,toystory.mp4
Toy Story 2,John Lasseter,FVLDV  7619,2000,toystory2.mp4
Daimyo,John Nathan,FVLV 6571,1988,daimyo.mp4
Sleepwalking Through the Mekong,John Pirozzi,ORM,2007,sleepwalkingthroughthemekong.mp4
Lone Star,John Sayles,FVLDV 0499,1996,lonestar.mp4
Midnight Cowboy ,John Schlesinger ,FVLDV 1390,1969,midnightcowboy.mp4
Killer ,John Woo ,FVLDV 5239,1991,killer.mp4
Choosing Death,John Zaritsky,FVLV 1189,1992,choosingdeath.mp4
Cadillac Desert,Jon Else ,FVLDV 9556 v.1,2009,cadillacdesertp1.mp4
Cadillac Desert,Jon Else ,FVLDV 9556 v.2,2009,cadillacdesertp2.mp4
Cadillac Desert,Jon Else ,FVLDV 9556 v.3,2009,cadillacdesertp3.mp4
Cadillac Desert,Jon Else ,FVLDV 9556 v.4,2009,cadillacdesertp4.mp4
Sick Around America: Investigating the National Debate on Healthcare Reform,Jon Palfreman,FVLDV 8339,2009,sickaroundamerica.mp4
Sick Around the World,Jon Palfreman,FVLDV 6159,2008,sickaroundtheworld.mp4
Little Miss Sunshine,"Jonathan Dayton, Valerie Faris",FVLDV 4874,2006,littlemisssunshine.mp4
Jewish Soldiers in Blue & Grey,Jonathan Gruber,FVLDV 12257,2011,jewishsoldiersinblue&gray.mp4
Population Six Billion ,"Jonathan Silvers, Sam Shinn",FVLDV 2751,2004,populationsixbillion.mp4
"The Farm: Angola, USA","Jonathan Stack, Liz Garbus",FVLDV 10714,1998,thefarmlifeinsideangolaprison.mp4
El callejón de los milagros,Jorge Fons,FVLDV 12832,1995,midaqalley.mp4
Conejo en la Luna ,Jorge Ramírez-Suárez,FVLDV 3223,2006,conejoenlaluna.mp4
La Lengua de las Mariposas,Jose Luis Cuerda,FVLDV  7869,1999,lalenguadelasmariposas.mp4
Butterfly's Tongue (La lengua de las mariposas),José Luis Cuerda,FVLDV 7869,1999,butterflystongue.mp4
The Blind Sunflowers ,Jose Luis Cuerda ,FVLDV 10418,2008,girasolesciegos.mp4
Preschool in Three Cultures ,"Joseph J. Tobin, David Wu and Dana Davidson",FVLDV 9705,1989,preschoolinthreecultures.mp4
Zoot Suit Riots,Joseph Tovares,FVLDV 9544,2002,zootsuitriots.mp4
Sound and Fury,Josh Aronson ,FVLV 3620,2000,soundandfury.mp4
Sayonara,Joshua Logan,FVLV 4221,1957,sayonara.mp4
Maria Full of Grace,Joshua Marston,FVLDV 1681,2004,mariafullofgrace.mp4
The Act of Killing ,Joshua Oppenheimer ,FVLDV 12653,2012,actofkilling.mp4
Americas: Miracles Are Not Enough ,Judith Vecchione,FVLDV 13345 v.5+6,1993,americase6miraclesarenotenough.mp4
The Last Summer of la Boyita ,Julia Solomonoff ,FVLDV 13846,2010,ultimoversanodelaboyita.mp4
We Shall Remain: America Through Native Eyes ,Julianna Brannum,FVLDV 8446,2009,weshallremaine5.mp4
Daughters of the Dust ,Julie Dash,FVLDV 0055,1991,daughterofthedust.mp4
Illusions,Julie Dash,FVLDV  11019,2005,illusions.mp4
Aging in America: The Years Ahead,Julie Winokur,FVLDV  9708,2003,aginginamerica.mp4
Sweet Dream,Ju-nam Yang ,ORM,1936,sweetdream.mp4
Better Luck Tomorrow,Justin Lin,FVLDV 8765,2003,betterlucktomorrow.mp4
James Baldwin: The Price of the Ticket ,Karen Thorsen ,FVLV 6465,1989,priceoftheticket.mp4
Madame Sata ,Karim Ainouz,FVLDV 1154,2002,madamesata.mp4
Chungking Express,Kar-wai Wong,FVLDV 9663,1994,chungkingexpress.mp4
Akira,Katsuhiro Otomo,FVLDV 4446,1987,akira.mp4
Twenty-Four Eyes,Keisuke Kinoshita,FVLDV  7559,1954,twentyfoureyes.mp4
Ugetsu Monogatari,Kenji Mizoguchi,FVLDV 3603,1953,ugetsu.mp4
Sisters of the Gion ,Kenji Mizoguchi ,FVLDV 9236,1936,sistersofthegion.mp4
Hamlet,Kenneth Branagh,FVLV 1551,1996,hamlet(branaugh)p1.mp4
Hamlet,Kenneth Branagh,FVLV 1551,1996,hamlet(branaugh)p2.mp4
Michael Jackson's This Is It,Kenny Ortega,ORM,2009,thisisit.mp4
The Exiles,Kent Mackenzie,FVLDV 8802,1961,theexiles.mp4
Straits of Chosun,Ki-chae Park,ORM,1943,koreanstraits.mp4
Mababangong Bangungot,Kidlat Tahimik,FVLDV 3328,1997,mababangongbangungot.mp4
Address Unknown ,Ki-Du Kim,FVLDV 7900,2001,addressunknown.mp4
Two Weddings and a Funeral,Kim Jho Kwang-soo,FVLDV  16059,2012,twoweddingsandafuneral.mp4
Walbiri Fire Ceremony,Kim McKenzie,FVLDV 4296,1977,walbirifireceremony.mp4
A Wonderful Moment / My Little Hero,Kim Sung-hoon,ORM,2013,mylittlehero.mp4
Come Drink with Me ,King Chuan,FVLDV 12944,1966,comedrinkwithme.mp4
Show Boat,Kirk Browning,FVLDV 12371,1989,showboat.mp4
Tokyo Sonata,Kiyoshi Kurosawa,FVLDV  10762,2009,tokyosonata.mp4
Rajio No Jikan,K?ki Mitani,FVLDV 13728,1998,welcomebackmrmcdonald.mp4
Revenge of a Kabuki Actor ,Kon Ichikawa,FVLDV 8913,1971,revengeofakabukiactor.mp4
A Place at the Table ,"Kristi Jacobson, Lori Silverbush",FVLDV 13939,2012,placeatthetable.mp4
The Decalogue ,Krzysztof Kie?lowski,FVLDV 1048,2003,decaloguee1.mp4
The Decalogue ,Krzysztof Kie?lowski,FVLDV 1048,2003,decaloguee5.mp4
My Sassy Girl ,Kwak Chae-Yong,FVLDV 0950,2001,mysassygirl.mp4
Welcome to Dongmakgol,Kwang-Hyun Park,FVLDV 12429,2005,welcometodongmakgol.mp4
The Motherhood Manifesto,Laura Pacheco,FVLDV 4808,2006,motherhoodmanifesto.mp4
Spring of Korean Peninsula,Lee Byeong-il,ORM,1941,springofkoreanpeninsula.mp4
Amandla!,Lee Hirsh ,FVLDV 1119,2002,amandla.mp4
All Power to the People! ,Lee Lew-Lee,FVLDV 13037,1996,allpowertothepeople.mp4
Hula Girls,Lee Sang-il,FVLDV  6300,2006,hulagirls.mp4
No Regret,Leesong Hee-il,ORM,2006,noregret.mp4
You Only Live Twice ,Lewis Gilbert,FVLDV 6038,1967,youonlylivetwice.mp4
The Love Eterne,Li Han Hsiang,ORM,1963,loveeterne.mp4
Beautiful Duckling ,Li Hsing,FVLDV 4268,1965,beautifulduckling.mp4
Carmen and Geoffrey,"Linda Atkinson, Nick Doob",KANOPY ,2006,thewiz.mp4
Flag Wars,Linda Goode Bryant ,FVLV 5671,2003,flagwars.mp4
The Cats of Mirikitani,Linda Hattendorf ,FVLDV 5803,2006,catsofmirikitani.mp4
The Forward: From Immigrants to Americans,"Linda Matchan, Marlene Booth",ORM,1989,theforward.mp4
"Come Back, Africa",Lionel Rogosin ,FVLV 398,1959,comebackafrica.mp4
Family Gathering,Lise Yasui,FVLDV 7739,1988,familygathering.mp4
We Shall Remain: America Through Native Eyes ,Li-Shin Yu,FVLDV 8446,2009,weshallremaine2.mp4
Last Train Home,Lixin Fan,FVLDV 10054,2009,lasttrainhome.mp4
Born in Flames,Lizzie Borden,FVLV 1276,1983,borninflames.mp4
Race - The Power of an Illusion,Llewellyn M. Smith,FVLDV 6836,2003,racepowerofanillusione3.mp4
Fist of FUry,Lo Wei,FVLDV 5322, 2007,fistoffury.mp4
Ancestors in the Americas: Chinese in the Frontier West,Loni Ding,FVLV 4035,1998,ancestorsintheamericaspt2.mp4
"Ancestors in the Americas: Coolies, Sailors, Settlers",Loni Ding,FVLV 3922,2000,ancestorsintheamericaspt1.mp4
Raúl Esparza in Company: A Musical Comedy,Lonny Price,FVLDV 7759,2008,company.mp4
Notorious C.H.O.,Lorene Machado,ORM,2002,margaretchonotoriouscho.mp4
Class Dismissed: How TV Frames the Working Class,Loretta Alper,FVLDV  2503,2005,classdismissed.mp4
The Global Assembly Line,Lorraine Gray,FVLDV 13559,1986,globalassemblyline.mp4
Suzhou River,Lou Ye,FVLDV 0377,2001,suzhouriver.mp4
"Goodbye, Children ",Louis Malle,FVLDV 5625,1987,goodbyechildren.mp4
"Lacombe, Lucien ",Louis Malle,FVLDV 7841,1974,lacombelucien.mp4
Louis Malle's Elevator to the Gallows ,Louis Malle ,FVLDV 4102,1957,elevatortothegallows.mp4
Senorita Extraviada ,Lourdes Portillo ,FVLDV 4806,2001,senoritaextraviada.mp4
My Day Off,Lu Ren,FVLDV 0647,1959,itsmydayoff.mp4
The Fish Child ,Lucia Puenzo ,FVLDV 13811,2011,fishchild.mp4
XXY,Lucia Puenzo ,FVLDV 11086,2006,xxy.mp4
Lines in the Dust,Lucinda Broadbent,FVLV 5213,2001,linesinthedust.mp4
The Exterminating Angel,Luis Bunuel,FVLDV 6234,2006,exterminatingangel.mp4
The Discreet Charm of the Bourgeoisie ,Luis Bunuel ,FVLV 3924,1972,discreetcharmofthebourgeoisie.mp4
Herod's Law,Luis Estrada ,FVLDV 1451,2003,herodslaw.mp4
Voces Inocentes ,Luis Mandoki,FVLDV 3441,2005,vocesinocentes.mp4
The Official Story ,Luis Puenzo ,FVLV 974,1985,officialstory.mp4
Chicano! HIstory of the Mexican American Civil Rights Movement ,Luis R. Torres,FVLDV 6685v.1,1996,chicano!pt1.mp4
Chicano! HIstory of the Mexican American Civil Rights Movement ,Luis R. Torres,FVLDV 6685v.1,1996,chicanopt1.mp4
Chicano! HIstory of the Mexican American Civil Rights Movement ,Luis R. Torres,FVLDV 6685v.4,1996,chicanopt4.mp4
Land of Opportunity,Luisa Dantas,FVLDV  11233,2010,landofopportunity.mp4
Zoot Suit ,Luiz Valdez,FVLDV 5638,1981,zootsuit.mp4
The Lumiere Brother's First FIlms ,Lumiere Brothers ,FVLDV 0239,1998,lumierebrothersfirstfilms.mp4
W.A.R.: ! Women Art Revolution,Lynn Hershman Leeson,FVLDV  10880,2010,warwomenartrevolution.mp4
B?r?n,Majid Majidi,FVLDV 10018,2001,baran.mp4
Summer Wars,Mamoru Hosoda,ORM,2009,summerwars.mp4
Ghost in the Shell,Mamoru Oshii,FVLDV 1133,1995,ghostintheshell.mp4
The Lost Steps ,Manane Rodriguez ,FVLDV 10786,2001,pasosperdidos.mp4
Things I Left in Havana,Manual Gutierrez Aragon,FVLDV 2511,1997,thingsileftinhavana.mp4
Zou Zou,Marc Allegret,FVLDV 2267,1934,zouzou.mp4
Black Gold,"Marc Francis, Nick Francis",FVLDV  3538,2006,blackgold.mp4
"Twilight, Los Angeles ",Marc Levin ,FVLDV 4173,2001,twilightlosangeles.mp4
Remaking American Medicine,Marc Schaffer,FVLDV 9835,2006,remakingamericanmedicinep1.mp4
Remaking American Medicine,Marc Schaffer,FVLDV 9835,2006,remakingamericanmedicinep2.mp4
Remaking American Medicine (1&2),Marc Schaffer,FVLDV 9835,2006,remakingamericanmedicinep1&2.mp4
Remaking American Medicine (3&4),Marc Schaffer,FVLDV 9835,2006,remakingamericanmedicinep3&4.mp4
Mariposas en el andamio,Margaret Gilpin ,FVLDV 5484,1996,mariposasenelandamio.mp4
"I, the Worst of All ",María Luisa Bemberg,FVLDV 0903,1990,yopeordetodas.mp4
Camila: Love Against All Odds,Maria Luisa Demberg,FVLDV 0907,1984,camila.mp4
El Jardin el Eden ,Maria Novaro ,FVLDV 5721,1994,jardindeleden.mp4
Chain of Love ,Marije Meerman ,FVLDV 6261,2001,chainoflove.mp4
Chicano Park ,Marillyn Mulford,FVLDV 9877,1988,chicanopark.mp4
A Veiled Revolution ,Marilyn Gaunt ,FVLV 934,1982,veiledrevolution.mp4
The House of Bernarda Alba,Mario Camus,FVLDV 9989,1987,casadebernardoalba.mp4
The Story of Film: An Odyssey ,Mark Cousins,FVLDV 13556,2011,storyoffilmd1.mp4
The Story of Film: An Odyssey ,Mark Cousins,FVLDV 13556,2011,storyoffilmd2.mp4
The Story of Film: An Odyssey ,Mark Cousins,FVLDV 13556,2011,storyoffilmd3.mp4
The Story of Film: An Odyssey ,Mark Cousins,FVLDV 13556,2011,storyoffilmd4.mp4
The Story of Film: An Odyssey ,Mark Cousins,FVLDV 13556,2011,storyoffilmd5.mp4
Berkeley in the Sixties ,Mark Kitchell ,FVLDV 0552,1990,berkeleyinthesixties.mp4
Tom Dowd & the Language of Music,Mark Moormann,FVLDV 2229,1947,tomdowdandthelanguageofmusic.mp4
Bedlam,Mark Robson,ORM,1946,bedlam.mp4
Shall We Dance ,Mark Sandrich ,FVLDV 3591,1937,shallwedance.mp4
Global Resource: Management and Competition ,Mark Stucke,FVLDV 8615,2006,globalresources.mp4
Mean Girls,Mark Waters,FVLDV  4817,2004,meangirls.mp4
Bontoc Eulogy ,Marlon fuentes ,FVLDV 7938,2003,bontoceulogy.mp4
Color Adjustment ,Marlon Riggs,FVLDV  4256,1991,coloradjustment.mp4
Ethnic Notions ,Marlon Riggs,FVLDV 4257,1987,ethnicnotions.mp4
Tongues Untied,Marlon Riggs,FVLDV 12227,1989,tonguesuntied.mp4
Mann v. Ford ,"Maro Chermayeff, Micah Fink",FVLDV 13315,2010,mannvford.mp4
Life: Plants,Martha Holmes,FVLV 2596,2009,lifeepisode9plants.mp4
Goodfellas ,Martin Scorsese,FVLDV 4584,1990,goodfellas.mp4
Hugo ,Martin Scorsese ,FVLDV 10910,2011,hugo.mp4
Madame Butterfly ,Martin Scorsese ,FVLDV 1371,1995,madamebutterfly.mp4
Vietnam: A Television History (2),Martin Smith,FVLDV 1477,2004,vietnamatvhistoryd2.mp4
Kaidan ,Masaki Kobayashi ,FVLDV 5397,1964,kwaidan.mp4
The Hip Hop Project,Matt Ruskin,ORM,2006,hiphopproject.mp4
Remaking American Medicine,Matthew Eisen,FVLDV 9835,2006,remakingamericanmedicinep3.mp4
Aimee & Jaguar ,Max Faberbock ,FVLDV 0915,1999,aimee&jaguar.mp4
Lost Boys of Sudan,"Megan Mylan, Jon Shenk",FVLDV 5486,2004,lostboysofsudan.mp4
King Kong,Merian C. Cooper,FVLDV 3679,1933,kingkong1933.mp4
1984,Michael Anderson,FVLDV 4480, 1956,1984.mp4
Transformers ,Michael Bay ,FVLDV 11415,2008,transformers.mp4
Kiss Me Kate,Michael Blakemore,FVLDV  7758,2003,kissmekate.mp4
Rent: Filmed Live on Broadway,MIchael John Warren,FVLDV 7670,2008,rentfilmedliveonbroadway.mp4
Broadway: The American Musical (1),Michael Kantor,FVLDV 1741,2004,broadwaydiscone.mp4
Broadway: The American Musical (2),Michael Kantor,FVLDV 1741,2004,broadwaydisctwo.mp4
Broadway: The American Musical (3),Michael Kantor,FVLDV 1741,2004,broadwaydiscthree.mp4
Endgame: How Strategic and Tactical Mistakes Brought Iraq to Civil War,Michael Kirk ,FVLDV 5641,2007,endgame.mp4
Endgame: How Strategic and Tactical Mistakes Brought Iraq to Civil War,Michael Kirk ,FVLDV 5641,2007,endgame-iraq.mp4
"The Beatles, Let It Be ",Michael Lindsay-Hogg,FVLDV 9716,1970,letitbe.mp4
Last of the Mohicans ,Michael Mann,FVLDV 0373,1999,lastofthemohicans.mp4
Roger & Me,Michael Moore ,FVLDV 3498,1989,roger&me.mp4
Sex and the City (S4E2),Michael Patrick King,FVLDV 1640,2003,sexinthecitys4e2.mp4
WIlliam Shakespeare's The Merchant of Venice ,Michael Radford,FVLDV 2054,2004,merchantofvenice.mp4
Icons Among Us,Michael Rivoira ,FVLDV 10355,2009,iconsamongus.mp4
We Shall Remain: America Through Native Eyes ,Michael Rossi,FVLDV 8446,2009,weshallremaine4.mp4
Eternal Sunshine of the Spotless Mind ,Michel Gondry,FVLDV 4847,2004,eternalsunshine.mp4
"Beyond Evil: Childrea, Media, and Violent Times",Miguel Parker,FVLDV 2379,2003,beyondgoodandevil.mp4
Pussy Riot: A Punk Prayer,Mike Lerner,FVLDV  12605,2013,pussyriotapunkprayer.mp4
Closer,Mike Nichols,FVLDV 3386,2004,closer.mp4
Angels in America ,Mike Nichols ,FVLDV 1381,2003,angelsinamericap1.mp4
Angels in America ,Mike Nichols ,FVLDV 1381,2003,angelsinamericap2.mp4
The Graduate,Mike Nicols,FVLDV 0507,1967,graduate.mp4
Silent Nurse ,Mikio Naruse ,FVLDV 12246,1931,flunkyworkhard.mp4
Amadeus,Milos Forman,FVLDV 5642,1997,amadeus.mp4
One Flew Over the Cuckoo's Nest,Milos Forman,FVLDV 10860,1975,oneflewoverthecuckoosnest.mp4
The Namesake,Mira Nair,FVLDV 11195,2006,namesake.mp4
Monsoon Wedding ,Mira Nair ,FVLDV 0542,2002,monsoonwedding.mp4
The Namesake ,Mira Nair ,FVLDV 11195,2007,thenamesake.mp4
Broken Silence,Montxo Aemendariz,FVLDV 7853,2001,silencioroto.mp4
"	?amt al-qu??r ",Moufida Tlatli ,FVLV 3660,1996,silencesofthepalace.mp4
The New Medicine ,Muffie Meyer,FVLDV 3359,2006,newmedicine.mp4
Afraid of Dark: Exploring Black Masculinity ,Mya B,FVLDV 13032,2014,afraidofdark.mp4
"Black, Bold, & Beautiful: Black Women's Hair",Nadine Valcin ,FVLDV 4818,1998,blackwomenshair.mp4
Taboo ,Nagisa Oshima ,FVLDV 1367,1999,taboo.mp4
The Bronze Screen: 100 Years of Latino Image in Hollywood Cinema ,"Nancy de Los Santos, Susan Racho ",FVLDV 12209,2002,bronzescreen.mp4
Kamome Diner ,Naoko Ogigami,FVLDV 7957,2011,kamomeshokudo.mp4
To the Other Side ,Natalia Almada ,FVLDV 3986,2005,alotrolado.mp4
My Architect,Nathaniel Kahn ,FVLDV 3239,2003,myarchitect.mp4
District 9,Neill Blomkamp,FVLDV 2009,2009,district9.mp4
When the Mountains Tremble,"Newton Thomas Sigel, Pamela Yates",FVLDV 11325,1983,cuandotiemblanlasmontanas.mp4
Chants of Lotus ,Nia Dinata ,FVLDV 8984,2007,chantsoflotus.mp4
History on Film Vol.2,Nicholas Brandt,FVLDV  1570,1997,historyonfilmv2.mp4
Cabeza de Vaca,Nicholás Eshevarria,FVLV 1248,1990,cabezadevaca.mp4
The Madness of Kind George ,Nicholas Hytner,FVLDV 5556,2001,madnessofkinggeorge.mp4
In a Lonely Place ,Nicholas Ray ,FVLDV 5933,1950,inalonelyplace.mp4
Minamata: The Victims and Their World,Noriaki Tsuchimoto,FVLDV 10157,1974,minamatathevictimsandtheirworld.mp4
Fantasia,Norm Ferguson,FVLDV 5964,1940,fantasia.mp4
Downfall ,Oliver Hirschbiegel ,FVLDV 2497,2004,downfall.mp4
The Importance of Being Earnest ,Oliver Parker ,FVLDV 10059,2002,importanceofbeingearnest.mp4
JFK ,Oliver Stone ,FVLDV 1135,1991,jfk.mp4
Platoon ,Oliver Stone ,FVLDV 8578,1986,platoon.mp4
Wall Street: Money Never Sleeps,Oliver Stone ,FVLDV 11614,2010,wallstreet.mp4
World Trade Center ,Oliver Stone ,FVLDV 3930,2006,worldtradecenter.mp4
La Vie en Rose ,Olivier Dahan ,FVLDV 12238,2007,lavieenrose.mp4
Malcolm X: Make It Plain ,Orlando Bagwell ,FVLDV 9552,1994,malcolmxmakeitplain.mp4
Citizen Kane,Orson Welles,FVLDV 11428,1941,citizenkane.mp4
Touch of Evil ,Orson Welles,FVLDV 11423,1958,touchofevil.mp4
Borom Sarret,Ousmane Sembene,FVLDV 7909,1963,boromsarret.mp4
Nine Queens,Pablo Bossi,FVLDV 1758,2000,ninequeens.mp4
The Journals of Musan,Pak Ch?ng-b?m,FVLDV 13502,2011,journalsofmusan.mp4
A Single Spark ,Pak Kwang-Su ,FVLV 4876,1995,singlespark.mp4
Chu Aiji Ji,Pang Ho-cheung,FVLDV 5849,2007,whattimeisitthere.mp4
Y?s?t kae ?i sis?n,"Park Chan-wook, Yim Soon-rye, Jeong Jae-eun, Yeo Gyun-Dong, Park Kwang-su, Park Jin-pyo",FVLDV 4399,2003,neverendingpeaceandlove.mp4
Dancing at Lughnasa,Pat O'Connor,FVLDV 1077,1998,dancingatlughnasa.mp4
Michael Tilson Thomas: The Thomashefskys,"Patrica Birch, Gary Halvorson",ORM,2012,thethomashefskys.mp4
Real Women Have curves,Patricia Cardoso,FVLDV 4659,2002,realwomenhavecurves.mp4
Herbert's Hippopatamus,Paul Alexander Juutilainen,FVLDV  7313,1996,herbertshippopotamus.mp4
The Up Series,Paul Almond,FVLDV 12514,1964,updisc1a.mp4
The Up Series,Paul Almond,FVLDV 12514,1964,updisc1b.mp4
The Up Series,Paul Almond,FVLDV 12514,1964,updisc2.mp4
The Up Series,Paul Almond,FVLDV 12514,1964,updisc3.mp4
The Up Series,Paul Almond,FVLDV 12514,1964,updisc4.mp4
The Up Series,Paul Almond,FVLDV 12514,1964,updisc5.mp4
The Up Series,Paul Almond,FVLDV 12514,1964,updisc6.mp4
The Up Series,Paul Almond,FVLDV 12514,1964,updisc7.mp4
The Price of Renewal ,Paul Epinosa ,FVLDV 6337,2005,priceofrenewal.mp4
The Price of Renewal ,Paul Epinosa ,FVLDV 6337,2005,thepriceofrenewal.mp4
Bridesmaids,Paul Feig,ORM,2011,bridesmaids.mp4
United 93,Paul Greengrass,FVLDV 3936,2006,united93.mp4
Standing in the Shadows of Motown,Paul Justman,FVLDV 0927,2002,standingintheshadowsofmotown.mp4
Boogie Nights ,Paul Thomas Anderson ,FVLDV 0893,1997,boogienights.mp4
Xala,Paulin Soumanou Vieyra,FVLDV 3373,1974,xala.mp4
Broken Embraces,Pedro Almodovar,FVLDV 9176,2009,abrazosrotos.mp4
All About My Mother ,Pedro Almodóvar,FVLDV 8885,1999,todosobremimadre.mp4
Gringo Trails,"Pegi Vail, Melvin Estrella ",FVLDV 13290,2013,gringotrails.mp4
The Decline of Western Civilization,Penelope Spheeris,FVLDV  11358,1980,declineofwesterncivilization.mp4
We Shall Remain: America Through Native Eyes ,Penny Elliott Hays,FVLDV 8446,2009,weshallremaine3.mp4
Uprooted: Refugees of the Global Economy,Pete Doctor,FVLDV 8809,2009,up.mp4
Holy Ghost People,Peter Adair,FVLV 2606,1993,holyghostpeople.mp4
Comrades: Almost a Love Story,Peter Chan,ORM,1996,comradesalmostalovestory.mp4
Power and Control,Peter Cohn,FVLDV 9648,2010,powerandcontrol.mp4
Der Angriff der Gegenwart auf die übrige Zeit,Philipp Stölzl,FVLDV 10098,2010,younggoetheinlove.mp4
A Day on the Grand Canal with the Emporer of China ,Phillip Haas,FVLV 5477,1988,adayonthegrandcanalwiththeemperor.mp4
Salo: The 120 Days of Sodom ,Pier Paolo Pasolini ,FVLDV 10359,1975,salo.mp4
Khush,Pratibha Parmar,FVLV 2075,1990,khush.mp4
"Double the Trouble, Twice the Fun",Pratibha Parmar ,FVLV 6473,1992,doublethetroubletwicethefun.mp4
Sullivan's Travels,Preston Sturges,FVLDV 12991,1941,sullivanstravels.mp4
Pulp Fiction,Quentin Tarantino,FVLDV 11184,1994,pulpfiction.mp4
Kill Bill: Volume 1 ,Quentin Tarantino ,FVLDV 1125,2003,killbillv1.mp4
The Border Crossed Us ,Rachael J. Nez,FVLDV 10816,2005,bordercrossedus.mp4
Growing Up Online ,"Rachel Dretzin, John Maggio",FVLDV 5634,2008,growinguponline.mp4
The Marriage of Maria Braun ,Rainer Werner Fassbinder ,FVLV 800,1978,marriageofmariabraun.mp4
The George Burns & Gracie Allen Collection (E8),Ralph Levy,FVLDV 2115,2003,burnsandallene8.mp4
The Learning ,Ramona S. Diaz,FVLDV 13776,2011,thelearning.mp4
THe Doctor,Randa Heines ,FVLDV 1027,2004,thedoctor.mp4
"Lamumba, Death of a Prophet ",Raoul Peck ,FVLDV 12467,1991,lumumbadeathofaprophet.mp4
History & Memory,Rea Tajiri,FVLDV 3290,1991,history&memory.mp4
Which Way Home ,Rebecca Cammisa ,FVLDV 9491,2009,whichwayhome.mp4
"My America: Or, Honk if You Love Buddha ",Renee Tajima-Pena ,FVLDV 8722,1997,myamericaorhonkifyoulovebuddha.mp4
New York: A Documentary Film,Ric Burns,FVLDV 11666,1999-2003,newyorkadocumentaryfilme1.mp4
New York: A Documentary Film,Ric Burns,FVLDV 11666,1999-2003,newyorkadocumentaryfilme2.mp4
New York: A Documentary Film,Ric Burns,FVLDV 11666,1999-2003,newyorkadocumentaryfilme3.mp4
New York: A Documentary Film,Ric Burns,FVLDV 11666,1999-2003,newyorkadocumentaryfilme4.mp4
New York: A Documentary Film,Ric Burns,FVLDV 11666,1999-2003,newyorkadocumentaryfilme5.mp4
New York: A Documentary Film,Ric Burns,FVLDV 11666,1999-2003,newyorkadocumentaryfilme6.mp4
New York: A Documentary Film,Ric Burns,FVLDV 11666,1999-2003,newyorkadocumentaryfilme7.mp4
New York: A Documentary Film,Ric Burns,FVLDV 11666,1999-2003,newyorkadocumentaryfilme8.mp4
Behind the Veil: Afghan Women Under Fundamentalism,Ricardo Lobo,FVLV 4253,2001,behindtheveil.mp4
Blackboard Jungle ,Richard Brooks ,FVLDV 2034,1955,blackboardjungle.mp4
The Gate of Heavenly Peace ,"Richard Gordon, Carma Hinton",FVLV 5131,1997,gateofheavenlypeacev1.mp4
The Gate of Heavenly Peace ,"Richard Gordon, Carma Hinton",FVLV 5131,1997,gateofheavenlypeacev2.mp4
A Hard Day's Night,Richard Lester,FVLDV 0477,1964,harddaysnight.mp4
A Hard Day's Night ,Richard Lester,FVLDV  0477,1964,aharddaysnight.mp4
Help!,Richard Lester,FVLDV 5633,1965,help.mp4
Waking Life,Richard Linklater,FVLDV  11024,2001,wakinglife.mp4
Harry,"Richard M. Foxx, David M. Gregorich",FVLDV 5153,1980,harry.mp4
Black Hawk Down,Ridley Scott,FVLDV 0469,2001,blackhawkdown.mp4
Thelma & Louise,Ridley Scott,FVLDV 0501,1991,thelmaandlouise.mp4
El Viaje Más Largo,Rigoberto Lopez,FVLV 5384,1987,longestjourney.mp4
Kiss Me Deadly,Robert Aldrich,FVLDV  0819,2001,kissmedeadly.mp4
A Closer Walk ,Robert Bilheimer ,FVLDV  3543,2000,acloserwalk.mp4
AIDS: Answers & Breakthroughs,Robert Dean,FVLDV 13348,2000,aidsanswersandbreakthroughs.mp4
Common Threads: Stories from the Quilt ,"Robert Epstein, Jeffrey Friedman ",FVLDV 901,1989,commonthreads.mp4
Cities of Light: The Rise and Fall of Islamic Spain,Robert Gardner,FVLDV 7950,2007,cityoflights.mp4
Nanook of the North,Robert J. Flaherty,FVLDV 0012,1922,nanookofthenorth.mp4
"Food, Inc. ",Robert Kenner,FVLDV 8549,2008,foodinc.mp4
The Ballad of Gregorio Cortez ,Robert M. Young,FVLDV 10337,1983,balladofgregoriocortez.mp4
El Mariachi ,Robert Rodriguez,FVLDV 1517,1993,elmariachi.mp4
Hollywood Shuffle ,Robert Townsend ,FVLDV 0518,1987,hollywoodshuffle.mp4
The Day the Earth Stood Still ,Robert Wise,FVLDV 5509,1951,daytheearthstoodstill.mp4
Who Framed Roger Rabbit,Robert Zemeckis,FVLDV  7649,1988,whoframedrogerrabbit.mp4
Contact ,Robert Zemeckis ,FVLDV 16081,1997,contact.mp4
Forrest Gump ,Robert Zemeckis ,FVLDV 5951,1994,forrestgump.mp4
Homeland: Four Portraits of Native Action ,Roberta Grossman ,FVLDV 2726,2005,homeland.mp4
Life is Beautiful ,Roberto Benigni,FVLDV 0334,1998,lifeisbeautiful.mp4
Roberto Rossellini's War Trilogy,Roberto Rossellini,FVLDV 9342,1945,romeopencity.mp4
Leonard Bernstein's Young People's Concerts: With the New York Philharmonic,"Roger Englander, Charles S. Dubin",FVLV 3473,1958,youngpeoplesconcertsv8whatissonataform.mp4
Leonard Bernstein's Young People's Concerts: with the New York Philharmonic ,"Roger Englander, Charles S. Dubin",FVLV 3473,1958,youngpeoplesconcertsv2.mp4
Leonard Bernstein's Young People's Concerts: with the New York Philharmonic ,"Roger Englander, Charles S. Dubin",FVLV 3473,1958,youngpeoplesconcertsv3.mp4
And the Band Played On,Roger Spottiswoode,FVLDV  4815,1993,andthebandplayedon.mp4
Happy ,Roko Belic ,FVLDV 13563,2012,happy.mp4
Chinatown ,Roman Polanski ,FVLDV 0060,1974,chinatown.mp4
Rosemary's Baby ,Roman Polanski ,FVLDV 0737,1968,rosemarysbaby.mp4
The Little Mermaid,"Ron Clements, John Musker",FVLDV  4605,1989,littlemermaid.mp4
A Beautiful Mind,Ron Howard,ORM,2001,abeautifulmind.mp4
Ghosts of Abu Ghraib,Rory Kennedy ,FVLDV 6260,2007,ghostsofabughraib.mp4
The Other Side of Immigration ,Roy Germano ,FVLDV 9829,2009,othersideofimmigration.mp4
Blood of the Yingzhou District ,Ruby Yang ,FVLDV 4760,2006,bloodoftheyingzhoudistrict.mp4
The Aztecs,Ruth Wood ,FVLDV 5472,1999,theaztecs.mp4
Mammy Water: In Search of the Water Spirits,Sabine Jell-Bahlsen,FVLV 6026,1989,mammy.mp4
Peep Culture ,Sally Blake ,FVLDV 12501,2011,peepculture.mp4
The Other Conquest,Salvador Carrasco,FVLDV 4872,1998,otherconquest.mp4
"A Fragile Trust: Plagiarism, Power, and Jayson Blair at the New York Times ",Samantha Grant ,FVLDV 12217,2013,fragiletrust.mp4
Lebanon ,Samuel Maoz,FVLDV 12708,2011,lebanon.mp4
Nova: Cracking Your Genetic Code,Sarah Holt,ORM,2012,crackingyourgeneticcode.mp4
Uprooted: Refugees of the Global Economy,Sasha Khokha,FVLV 6353,2001,uprootedrefugeesoftheglobaleconomy.mp4
The Garden,Scot Hamilton Kennedy,FVLDV  11643,2009,garden.mp4
You're Looking at Me Like I Live Here and I Don't ,Scott Kirschenbaum,FVLDV 12815,2012,yourelookingatmelikeilivehereandidont.mp4
White Like Me,Scott Morris,FVLDV 12593,2013,whitelikeme.mp4
Tokyo Drifter,Seijun Suzuki,FVLDV  6542,1966,tokyodrifter.mp4
La Noire de... ,Sembane Ousmane ,FVLDV 7909,1964,blackgirl.mp4
Nova: What Darwin Never Knew,"Serena Davies, Rushmore DeNooyer, Sarah Holt, John Rubin",ORM,2009,whatdarwinneverknew.mp4
Mongol,Sergei Brodov,FVLDV 10034,2007,mongol.mp4
Battleship Potemkin,Sergei Eisenstein ,FVLDV 4894,1925,battleshippotemkin.mp4
Battlestar Galactica (S3E1-4),Sergio Mimica-Gezzan,FVLDV 9291,2006,battlestargalacticas3e1-4.mp4
The Linguists ,"Seth Kramer, Daniel A. Miller, Jeremy S. Newberger",FVLDV 8064,2008,linguists.mp4
The Interview,"Seth Rogen, Lizzy Caplan, Evan Goldberg",ORM,2014,theinterview.mp4
Visions of Abolition: From Critical Resistance to a New Way of Life,Setsu Shigematsu,FVLDV 12899,2011,visionsofabolition.mp4
And the Earth Did Not Swallow Him,Severo Perez,FVLV 1607,1994,andtheearthdidnotswallowhim.mp4
T-Shirt Travels ,Shantha Bloeman ,FVLDV 4799,2001,tshirttravels.mp4
We Shall Remain: America Through Native Eyes ,Sharon Grimberg,FVLDV 8446,2009,weshallremaine1.mp4
Vital Signs ,"Sharon Snyder, David Mitchell",FVLDV 5049,1998,vitalsigns.mp4
Hair-tage,Shawn Batey,FVLDV 4558,1997,hair-tage.mp4
A Flower in Hell,Shin Sang-ok,ORM,1958,flowerinhell.mp4
Tetsuo ,Shinya Tsukamoto,FVLDV 11311,1988,tetsuo.mp4
Tetsuo II: Body Hammer ,Shinya Tsukamoto,FVLDV 16127,1999,tetsuoiibodyhammer.mp4
Hajj: The Pilgrimage ,Shojun Hata ,FVLV 6040,2000,hajjthepilgrimage.mp4
Love Letter ,Shunji Iwai,FVLDV 1956,2003,loveletter.mp4
Swallowtail Butterfly ,Shunji Iwai ,FVLDV 13717,2006,swallowtailbutterfly.mp4
12 Angry Men ,Sidney Lumet,FVLDV 5960,1957,12angrymen.mp4
Balzac et la Petite Tailleuse Chinoise,Sijie Dai,FVLDV  1066,2002,balzacetlapetitetailleusechinoise.mp4
Fiddler on the Hoof,Simon Broughton,ORM,1992,fiddleronthehoof.mp4
Fenceline: A Company Town Divided ,Slawomir Grunberg ,FVLV 5127,2002,fenceline.mp4
New Year Baby,Socheata Poeuv,FVLDV 10368,2006,newyearbaby.mp4
Lost in Translation ,Sofia Coppola ,FVLDV 1097,2003,lostintranslation.mp4
Kelly Loves Tony,Spencer Nakasake,FVLDV 13047,1998,kellylovestony.mp4
A.K.A. Don Bonus,"Spencer Nakasako, Sokly Ny",FVLDV 13046,1995,akadonbonus.mp4
Bamboozled,Spike Lee,FVLDV 0189,2000,bamboozled.mp4
Do the Right Thing,Spike Lee,FVLDV 0240,1989,dotherightthing.mp4
Spike Lee Joint Collection ,Spike Lee,FVLDV 8183,2006,clockers.mp4
The Spike Lee Joint Collection,Spike Lee,FVLDV 8183,1989-1995,mobetterblues.mp4
When the Levees Broke ,Spike Lee,FVLDV 4254 ,2006,whentheleevesbroked1.mp4
When the Levees Broke ,Spike Lee,FVLDV 4254 ,2006,whentheleevesbroked2.mp4
When the Levees Broke ,Spike Lee,FVLDV 4254 ,2006,whentheleevesbroked3.mp4
Inherit the Wind ,Stanley Kramer ,FVLDV 0913,1960,inheritthewind.mp4
Judgement at Nuremberg,Stanley Kramer ,FVLDV 1789,1961,judgementatnuremberg.mp4
2001: A Space Odyssey,Stanley Kubrick,FVLDV 6241,1968,2001aspaceodyssey.mp4
2001: A Space Odyssey (clip),Stanley Kubrick,FVLDV 6241,1968,2001aspaceodysseyclip.mp4
Barry Lyndon ,Stanley Kubrick,FVLDV 10451,1975,barrylyndon.mp4
Clockwork Orange,Stanley Kubrick ,FVLDV 11424,1971,clockworkorange.mp4
"Dr. Strangelove: or, How I Learned to Stop Worrying and Love the Bomb ",Stanley Kubrick ,FVLDV 10238,1964,drstrangelove.mp4
Full Metal Jacket ,Stanley Kubrick ,FVLDV 0020,1987,fullmetaljacket.mp4
Centre Stage (Ruan Lingyu),Stanley Kwan,FVLDV 0294,1991,centrestage.mp4
Rouge,Stanley Kwan,FVLDV 5286,1987,rouge.mp4
The Black Press: Soldiers Without Swords ,Stanley Nelson ,FVLDV 12324,1998,blackpresssoldierswithoutswords.mp4
Rumble in the Bronx,Stanley Tong ,FVLDV 5885,1996,rumbleinthebronx.mp4
Life and Debt,Stephanie Black,FVLDV 0724,2001,lifeanddebt.mp4
Dangerous Liaisons ,Stephen Frears,FVLDV 0017,1988,dangerousliaisons.mp4
Dirty Pretty THings,Stephen Frears,FVLDV 1687,2002,dirtyprettythings.mp4
Video Greatest Hits: History,"Steve Barron, Bob Giraldi",FVLDV 7241,1995,videogreatesthits.mp4
Hoop Dreams,Steve James,FVLDV 4486,1994,hoopdreams.mp4
H5N1: Killer Flu,Steven Silver,FVLDV 13038,2005,h5n1killerflu.mp4
"Che, Part 1: The Argentine ",Steven Soderbergh ,FVLDV 8356,2008,chepart1.mp4
Jaws,Steven Spielberg,FVLDV 0186,1975,jaws.mp4
Minority Report ,Steven Spielberg ,FVLDV 3384,2002,minorityreport.mp4
Schindler's List ,Steven Spielberg ,FVLDV 13950,1993,schindlerslistp1.mp4
Schindler's List ,Steven Spielberg ,FVLDV 13950,1993,schindlerslistp2.mp4
Gen Silent,Stu Maddux,FVLDV  13461,2011,gensilent.mp4
The New Americans,Susana Aikin,FVLDV  13043,2008,newamericanse1.mp4
The New Americans,"Susana Aikin, Carlos Aparicio, Jerry Blumental, Gordon Quinn, Steve James",FVLDV 13043,2004,newamericanse2.mp4
Killing Us Softly 3,Sut Jhally,FVLV 3533,1999,killingussoftly3.mp4
"No Logo: Brands, Globalization, and Resistance ",Sut Jhally,FVLDV 5697,2003,nologo.mp4
Reel Bad Arabs: How Hollywood Villifies a People,Sut Jhally,FVLDV 5054,2006,reelbadarabs.mp4
Representation and the Media,Sut Jhally,FVLDV 5981,2002,representationandthemedia.mp4
Tough Guise ,Sut Jhally,FVLDV 5973,2002,toughguise.mp4
Killing Us Softly 4: Advertizing's Image of Women,Sut Jhally ,FVLDV  9226,2010,killingussoftly4.mp4
Race: The Floating Signifier ,Sut Jhally ,FVLDV 5982,1996,racethefloatingsignifier.mp4
The Codes of Gender: Identity and Performance in Pop Culture ,Sut Jhally ,FVLDV  8563,2009,codesofgender.mp4
Dreamworlds 3,Sut Jhally,FVLDV 8498,2007,dreamworlds3.mp4
Belleville Rendez-Vous,Sylvain Chomet,FVLDV 1361,2003,tripletsofbelleville.mp4
Chicana,Sylvia Morales,FVLV 1724,1990,chicana.mp4
Lockin' Up,T. Nicole Atkinson ,FVLDV 4816,1997,lockinup.mp4
Great Great Great Grandparents' Music,Taale Laafi Rosellini,FVLV 2224,1998,greatgreatgreatgrandparentsmusic.mp4
Sonatine ,Takeshi Kitano ,FVLDV 4331,1993,sonatine.mp4
The Blind Swordsman: Zatoichi ,Takeshi Kitano ,FVLDV 12221,2003,blindswordsmanzatoichi.mp4
Rights on the Line ,"Tamaryn Nelson, Ray Ybarra",FVLDV 3348,2005,rightsontheline.mp4
The Help ,Tate Taylor ,FVLDV 11429,2011,thehelp.mp4
A Century of Black Cinema ,Ted Newsom ,FVLDV 4294,2003,centuryofblackcinema.mp4
The Tree of Life,Terrence Malick,FVLDV 12491,2010,treeoflife.mp4
Days of Heaven ,Terrence Malick ,FVLDV 9653,1978,daysofheaven.mp4
Sunday in the Park with George,Terry Hughes,FVLDV 0537,1985,sundayintheparkwithgeorge.mp4
Fresa y Chocolate ,"Thomas Gutierrez Alea, Juan Carlos Tabio ",FVLDV 7143,1993,fresaychocolate.mp4
The Bro Code,Thomas Keith,FVLDV 10445,2011,brocode.mp4
Tabloid Truth: The Michael Jackson Scandal ,Thomas Lennon,FVLV 1197-1,1994,tabloidtruth.mp4
Whoopi Goldberg: Direct from Broadway,Thomas Schlamme,ORM,1985,whoopidirectfrombroadway.mp4
The Blue Kite ,Tian Zhuangzhuang,FVLV 2139,1993,bluekite.mp4
Sleepy Hollow ,Tim Burton ,FVLDV 1842,1999,sleepyhollow.mp4
River's Edge,Tim Hunter,FVLDV 1528,1986,riversedge.mp4
"Guns, Germs, and Steel",Tim Lambert,FVLDV 3037,2004,gunsgermsandsteel.mp4
Freaks,Tod Browning ,FVLV 3955,1932,freaks.mp4
Dracula,"Tod Browning, Karl Freund",FVLDV 1387,1931,dracula1931.mp4
Mildred Pierce,Todd Haynes,FVLDV 10798,2011,mildredpierce.mp4
Les Misérables,Tom Hooper,FVLDV 12446,2013,lesmiserables.mp4
The Visitor ,Tom McCarthy ,FVLDV 10001,2008,thevisitor.mp4
Saturday Night Live: The Best of Gilda Radner,"Tom Schiller, James Signorelli, Dave Wilson",ORM,2005,snlbestofgildaradner.mp4
Rosencrantz and Gildenstern are Dead,Tom Stoppard,FVLDV 1960,1990,rosencrantz&guildensternaredead.mp4
We are the World: The Story Behind the Song,Tom Trbovich ,FVLDV 2638-2,1985,wearetheworld.mp4
Strawberry and Chocolate,"Tomas Gutierrez Alea, Juan Carlos Tabio ",FVLDV 7143,1993,strawberryandchocolate.mp4
Mulan,Tony Bancroft,FVLDV 10150,1998,mulan.mp4
Michael Clayton,Tony Gilroy,FVLDV  6553,2007,michaelclayton.mp4
Vincent Who? ,Tony Lam,FVLDV 8983,2009,vincentwho.mp4
Style Wars ,Tony Silver,FVLV 3835,1983,stylewars.mp4
Race - The Power of an Illusion,Tracy Heather Strain,FVLDV 6836,2003,racepowerofanillusione2.mp4
Oklahoma!,Trevor Nunn,FVLDV 1776,1999,oklahoma.mp4
Reassemblage ,Trinh Min-Ha,FVLV 2168,1982,reassemblage.mp4
"Surname Viêt, Given Name Nam",Trinh Min-Ha,FVLDV 13954,1989,surnamevietgivennamenam.mp4
La Maleta Mexicana,Trisha Ziff ,FVLDV 11245,2011,maletamexicana.mp4
Once Upon a Time in China Trilogy ,Tsui Hark ,FVLDV 1828,1993,onceuponatimeinchina.mp4
The Voices of Orchid Island ,Tu Tai-li,FVLDV 4976,1993,voicesoforchidisland.mp4
"He Said, She Said",Unknown,FVLV 4162,2001,hesaidshesaid.mp4
Picturing Oriental Girls,Valerie Soe,FVLV 5597,1992,picturingorientalgirls.mp4
Race to Nowhere ,Vicki Abeles & Jessica Congdon,FVLDV 10826,2011,racetonowhere.mp4
Maquilapolis,Vicky Funari,FVLDV  3647,2006,maquilapolis.mp4
The Wizard of Oz,Victor Fleming,FVLDV  11274,1939,wizardofoz.mp4
Persepolis,"Vincent Paronnaud, Marjane Satrapi",FVLDV  6703,2007,persepolis.mp4
"The Prize: The Epic Quest for Oil, Money and Power",Vivian Ducat,FVLDV 11377,1992,theprizep4warandoil.mp4
The Matrix,Wachowski Brothers,FVLDV 0366,1999,thematrix.mp4
"Mixtape, Inc: The Movie ",Walter Bell ,FVLDV 10466,2006,mixtapeinc.mp4
Return to Oz ,Walter Murch ,ORM  26,1985,returntooz.mp4
The Motorcycle Diaries ,Walter Salles,FVLDV 2113,2004,diariodemotocicleta.mp4
Chan Is Missing ,Wayne Wang,FVLDV 2674,1982,chanismissing.mp4
Eat a Bowl of Tea,Wayne Wang,FVLV 3834,1989,eatabowloftea.mp4
The Joy Luck Club,Wayne Wang,"FVLV 3966, 4274",1993,joyluckclub.mp4
Cape No. 7,Wei Te-Sheng,FVLDV 7741,2008,capeno7.mp4
Mambo Girl,Wen Yi,FVLDV  1221,1957,mambogirl.mp4
The Grand Budapest Hotel,Wes Anderson ,FVLDV 12965,2014,grandbudapesthotel.mp4
The Pirates of Penzance,Wilford Leach,FVLDV 12383,2010,piratesofpenzance.mp4
King Gimp,William A. Whiteford,FVLDV 3661,1999,kinggimp.mp4
"I Love Lucy: Season 2, Episode 1",William Asher,FVLDV  8245,1952,ilovelucys2e1.mp4
Snow White and the Seven Dwarfs,William Cottrell,FVLDV  10171,1937,snowwhite.mp4
Do You Speak American? (E1),William Cran,FVLDV 1740,2005,doyouspeakamericane1upnorth.mp4
Do You Speak American? (E2),William Cran,FVLDV 1740,2005,doyouspeakamericane2downsouth.mp4
Do You Speak American? (E3),William Cran,FVLDV 1740,2005,doyuospeakamericane3outwest.mp4
Troy ,Wolfgang Petersen ,FVLDV 8170,2005,troy.mp4
Days of Being WIld,Wong Kar-Wai,FVLDV 12262,1990,daysofbeingwild.mp4
In the Mood for Love ,Wong Kar-Wai,FVLDV 0441,2002,inthemoodforlove.mp4
Buddha Bless America,Wu Nien-jen,FVLDV 3288,1996,buddhablessamerica.mp4
Fuck Cinema ,Wu Wenguang ,FVLDV 3787,2005,fuckcinema.mp4
Two Actresses,Xie Jin,FVLDV 7370,1964,stagesisters.mp4
A Chronicle of My Cultural Revolution,Xu Xing,FVLDV 6021,2007,chronicleofmyculturalrevolution.mp4
A Film Unfinished ,Yael Hersonski ,FVLDV 11199,2010,afilmunfinished.mp4
The Dance Age (Tiao wu shi dai),"Yang Yuting, Ye Bili, Liu Shengxian",FVLDV 7982,2003,danceage.mp4
Tokyo Story,Yasujiro Ozu,FVLDV  4761,1953,tokyostory.mp4
Good Morning ,Yasujir? Ozu,FVLDV 7303,1959,goodmorning.mp4
Tokyo Twilight,Yasujir? Ozu,FVLDV 4754,1957,tokyotwilight.mp4
"I Was Born, But... ",Yasujiro Ozu ,FVLDV 3308,1932,iwasbornbut.mp4
Baburu e G?: Taimu Mashin Wa Doramu Shiki,Yasuo Baba,FVLDV 6306,2007,bubblefiction.mp4
Giants and Toys,Yasuzo Mazumura,FVLDV  0464,1958,giantsandtoys.mp4
In Our Time,"Yi Chang, I-Chen Ko",FVLDV 9939,1982,terrorizers.mp4
Peppermint Candy,Yi Ch'ang-dong,FVLDV 0829,2003,peppermintcandy.mp4
King and the Clown,Yi Chun-ik,FVLDV 7920,2006,thekingandtheclown.mp4
To Live,Yimou Zhang,FVLDV  5126,1994,tolive.mp4
Plunder of Peach and Plum (???),Ying Yunwei,FVLDV  2922,1934,plunderofpeachandplum.mp4
Shen Nü,Yong Gang Yu,FVLDV 1232,1934,goddess.mp4
The Goddess,Yonggang Wu,FVLDV 1232,1934,shennu.mp4
Strawberry Fields ,Yoni Kohen ,FVLDV 7432,2007,strawberryfields.mp4
Mesnak,Yves Sioui Durant ,FVLDV 13565,2012,mesnak.mp4
Atanarjuat: The Fast Runner,Zacharias Kunuk,FVLDV 0544,2002,atanarjuat.mp4
Watchmen ,Zack Snyder,FVLDV 8350,2009,watchmen.mp4
Mother of the River,Zeinabu Irene Davis,FVLDV 3496,1995,motheroftheriver.mp4
Shower,Zhang Yang,FVLDV 0549,2001,shower.mp4
Raise the Red Lantern,Zhang Yimou,FVLV 2148,1991,raisetheredlantern.mp4
Red Sorghum,Zhang Yimou,FVLV 2159,1987,redsorghum.mp4
All the Youthful Days,Zhao Dayong,FVLDV 8049,2009,devilsbackbone.mp4
Crime & Punishment,Zhao Liang ,FVLDV 5101,2007,crimeandpunishment.mp4
Crows and Sparrows,Zheng Junli,FVLV 4598,1949,crowsandsparrows.mp4
Ermo,Zhou Xiaowen,FVLDV 8094,1994,ermo.mp4
The Life and Times of Sara Baartman ,Zola Maseko ,FVLDV 12283,1998,lifeandtimesofsarabaartman.mp4
Bonnie Kraft Sign Language,,ORM,,lign7videoclipsbonniekraft.mp4
Death and Dying,,FVLV 541,1980,deathanddying.mp4
Eye Contact Sign Language,,ORM,,lign7videoclipseyecontact.mp4
"Live at Wembley July 16, 1988",,ORM,2012,michaeljacksonliveatwembley.mp4
Los Vendidos,,ORM,,losvendidos.mp4
Money Talks: Profits Before Patient Safety,,ORM,,moneytalks.mp4
On the Way,,ORM,,ontheway.mp4
Open Your Heart,,ORM,,openyourheart.mp4
RX for Survival,Gail Willumsen,FVLDV 2680 v.1,2005,rxforsurvivaldisc1.mp4
RX for Survival,Gail Willumsen,FVLDV 2680 v.2,2005,rxforsurvivaldisc2.mp4
"Silent Children, New Language",,ORM,,nicaragua200.mp4
Who's Going to Pay for These Donuts Anyway?,,FVLDV 7683,2000-2009,whosgoingtopayforthesedonuts.mp4